Unit,Chinese,Type,English
60,(過去)去,pv,went
60,比較好,adj/adv,better
60,比較不好的/比較壞,adj/adv,worse
60,一個漢堡,cn,a hamburger
60,(過去)做,pv,did
60,除了…之外,prep,except
60,對(你)有好處/有益,adj phr,good for you
60,對你的健康有好處,adj phr,good for your health
60,小美人魚,name,The Little Mermaid
60,聖誕節,name,Christmas
60,有機會,v phr,to get to verb
60,獅子王,name,The Lion King
60,一台個人電腦,cn phr, a PC/personal computer
60,一台蘋果電腦,cn,a Mac
60,根本不知道,v phr,to have no idea
60,(過去)拿/得到/變得/受到,pv,got
60,一份講義,cn,a handout
60,變成,v,to become
60,外面/戶外,prep/adv,outside
60,落下,v phr,to go down
60,已經,adv,already
60,開始 + 形容詞,v phr,to be getting + adj
61,還沒,adv phr,not yet
61,生氣的/瘋狂的,adj,mad
61,想睡的,adj,sleepy
61,一個分數,cn,a score
61,越來越 + 形容詞,v phr,to be getting COA
61,強調,v,to emphasize
61,混亂的/困惑的,adj,confused
61,一個考試訂正,cn phr,a test correction
61,一份報告,cn,a report
61,一個學期,cn,a semester
61,一隻企鵝,cn,a penguin
61,一片雲,cn,a cloud
61,一隻駱駝,cn,a camel
61,恐怖的,adj,scary
61,一根熱狗,cn phr,a hot dog
61,(過去)做/讓/使,pv,made
61,(過去)吃,pv,ate
61,(過去)喝,pv,drank
61,爆米花,ucn,popcorn
61,一個碗,cn,a bowl
61,麥片(早餐),ucn,cereal
61,粥,ucn,congee
62,豆漿,ucn phr,soybean milk
62,一個饅頭,cn,a bun
62,(過去)有,pv,had
62,(過去)拿走/帶去,pv,took
62,(過去)看到,pv,saw
62,(過去)買,pv,bought
62,一個假期,cn,a vacation
62,一台相機,cn,a camera
62,(跑道的)一圈,cn,a lap
62,一半,cn,(a) half
62,(過去)寫,pv,wrote
62,一個胃痛,cn,a stomachache
62,一個頭痛,cn,a headache
62,滑雪,v,to ski
62,寫信,v phr,to write a letter
62,(過去)跑/經營,pv,ran
62,(過去)讀,pv,read
62,電/電力,ucn,power
62,(過去)不會/不能/不可能/不行,pv (hv),couldn't
62,不動/沒有運作,v phr,to not work
63,裡面,prep,inside
63,亮的,adj,shiny
63,(過去)會/能/可以/行,pv (hv),could
63,一間酒吧,cn,a bar
63,一個手術,cn,an operation
63,一個意外,cn,an accident
63,一場婚禮,cn,a wedding
63,聰明的,adj,intelligent
63,準確的,adj,accurate
63,好看的/有吸引力的,adj,attractive
63,一個行李箱,cn,a suitcase
63,一個爐子,cn,a stove
63,一個姑姑/阿姨,cn,an aunt
63,一顆餃子,cn,a dumpling
63,一個冷笑話,cn phr,a corny joke
63,(過去)說,pv,spoke
63,(過去)駕駛,pv,drove
63,(過去)騎/坐/搭,pv,rode
63,地板蠟,ucn phr,floor wax
63,(過去)知道/認識,pv,knew
63,(過去)教,pv,taught
63,見面/認識 (第一次),v,to meet
63,(過去)見面/認識 (第一次),pv,met
63,綁/繫,v,to tie (your shoes)
64,(過去)了解/懂/明白,pv,understood
64,剛剛,adv phr,just now
64,(過去)給,pv,gave
64,(過去)聽到,pv,heard
64,一顆很痛的牙痛,cn,a toothache
64,一位機械工,cn,a mechanic
64,一頂假髮,cn,a wig
64,打敗/打,v,to beat
64,(過去)打敗/打,pv,beat
64,(過去)變成,pv,became
64,開始,v,to begin
64,(過去)開始,pv,began
64,彎曲,v,to bend
64,(過去)彎曲,pv,bent
64,(過去)咬,pv,bit
64,吹,v,to blow
64,(過去)吹,pv,blew
64,打破/壞掉/斷了,v,to break
64,(過去)破/壞掉/斷了,pv,broke
64,(過去)帶來,pv,brought
64,建造/蓋,v,to build
65,(過去)建造/蓋,pv,built
65,(過去)說,pv,said
65,雷,ucn,thunder
65,一位水電工,cn,a plumber
65,一個小偷,cn,a thief
65,接/捕捉/搭乘,v,to catch
65,(過去)接/捕捉/搭乘,pv,caught
65,選擇,v,to choose
65,(過去)選擇,pv,chose
65,(過去)來,pv,came
65,(過去)價錢為…/使付出…,pv,cost
65,切/剪,v,to cut
65,(過去)切/剪,pv,cut
65,挖,v,to dig
65,(過去)挖,pv,dug
65,(過去)(用筆) 畫,pv,drew
65,掉落/跌倒/摔倒,v,to fall
65,(過去)掉落/跌倒/摔倒,pv,fell
65,餵,v,to feed
65,(過去)餵,pv,fed
65,(過去)唱歌,pv,sang
66,(過去)坐,pv,sat
66,(過去)站,pv,stood
66,(過去)覺得/摸起來,pv,felt
66,打架/吵架,v,to fight
66,(過去)打架/吵架,pv,fought
66,(過去)找到/發覺/撿到,pv,found
66,適合,v,to fit
66,(過去)適合,pv,fit
66,(過去)飛,pv,flew
66,(過去)忘記,pv,forgot
66,原諒,v,to forgive
66,(過去)原諒,pv,forgave
66,結冰,v,to freeze
66,(過去)結冰,pv,froze
66,成長/種植,v,to grow
66,(過去)成長/種植,pv,grew
66,吊/掛,v,to hang
66,(過去)吊/掛,pv,hung
66,躲/藏,v,to hide
66,(過去)躲/藏,pv,hid
66,打/擊,v,to hit
66,(過去)打/擊,pv,hit
66,一台冰箱,cn,a refrigerator
67,拿/帶/提/抱/搬/揹,v,to carry
67,(過去)抱/握住/拿著,pv,held
67,到達,v,to arrive
67,傷害/傷到/痛,v,to hurt
67,(過去)傷害/傷到/痛,pv,hurt
67,保持/保留/繼續,v,to keep
67,(過去)保持/保留/繼續,pv,kept
67,放著/孵(蛋),v,to lay
67,(過去)放著/孵(蛋),pv,laid
67,帶領,v,to lead
67,(過去)帶領,pv,led
67,(過去)離開/留下(東西),pv,left
67,借出,v,to lend
67,(過去)借出,pv,lent
67,(過去)游泳,pv,swam
67,一台手推車,cn,a cart
67,食品雜貨,pcn,groceries
67,一個項目,cn,an item
67,整個,adj,entire
67,一排結帳隊伍,cn phr,a checkout line
67,搖滾樂,ucn phr,rock music
67,爵士樂,ucn,jazz
67,古典音樂,ucn phr,classical music
68,訂正寫,ucn phr,correction writing
68,出生,pp,born
68,一場比賽(單字較短的),cn,a contest
68,一場比賽(單字較長的),cn,a competition
68,一場表演,cn,a performance
68,一齣戲劇,cn,a play
68,一個派對,cn,a party
68,一場舞會,cn,a dance
68,一場地震,cn,an earthquake
68,一場洪水/水災,cn,a flood
68,一次停電,cn,a blackout
68,一場火災,cn,a fire
68,(過去)讓/允許,pv,let
68,(過去)躺下,pv,lay
68,(過去)點亮/點火,pv,lit
68,(過去)遺失/輸,pv,lost
68,(過去)…的意思是,pv,meant
68,(過去)付,pv,paid
68,(過去)放,pv,put
68,(過去)放棄/停止,pv,quit
68,(過去)響,pv,rang
68,(過去)上升,pv,rose
69,污泥/泥巴,ucn,mud
69,泥土,ucn,dirt
69,威士忌,ucn,whiskey
69,空間,ucn,space
69,暴力,ucn,violence
69,煙,ucn,smoke
69,蒸汽,ucn,steam
69,(過去)告訴/說,pv,told
69,準備,v,to prepare
69,一個床邊故事,cn phr,a bedtime story
69,一個模型,cn,a model
69,在公共場所,ucn phr,in public
69,(過去)跑/經營,pv,ran
69,(過去)看到,pv,saw
69,(過去)賣,pv,sold
69,(過去)送/寄,pv,sent
69,(過去)設定/放下,pv,set
69,(過去)搖,pv,shook
69,(過去)發射,pv,shot
69,(過去)縮小,pv,shrank
69,(過去)關閉,pv,shut
69,背,v,to memorize
70,趕時間,prep phr,in a hurry
70,迪士尼世界,name,Disney World
70,非洲,name,Africa
70,(過去)睡覺,pv,slept
70,(過去)滑,pv,slid
70,(過去)花費,pv,spent
70,(過去)散開/抹(果醬),pv,spread
70,(過去)偷,pv,stole
70,(過去)黏/放,pv,stuck
70,(過去)打/攻擊,pv,struck
70,(過去)發誓/說髒話,pv,swore
70,(過去)掃地,pv,swept
70,(過去)撕裂,pv,tore
70,(過去)想/認為,pv,thought
70,(過去)丟/投,pv,threw
70,(過去)醒來/叫醒,pv,woke
70,(過去)穿戴,pv,wore
70,(過去)贏/中獎,pv,won
70,(過去)轉/繞,pv,wound
71,一輛貨車/卡車,cn,a truck
71,狗叫,v,to bark
71,一間網咖,cn phr,an Internet café
71,野生的/狂野的,adj,wild
71,農地,ucn phr,farm land
71,痠痛的,adj,sore
71,一個喉嚨,cn,a throat
71,一個背痛,cn,a backache
71,一個耳朵痛,cn,an earache
71,高興的,adj,glad
71,刮/剃,v,to shave
71,一個動名詞,cn,a gerund
71,一個主詞,cn,a subject
71,一個受詞,cn,an object
71,收集,v,to collect
71,一張貼紙,cn,a sticker
71,一個嗜好,cn,a hobby
71,說閒話/八卦,v,to gossip
71,數/算,v,to count
71,一封電子郵件,cn,an email
72,挖你的鼻孔,v phr,to pick your nose
72,拉,v,to pull
72,形容詞最高級,ucn phr,the superlative of adjectives
72,髒亂的,adj,messy
72,一個國字,cn phr,a Chinese character
72,尼羅河,name,the Nile River
72,聖母峰,name,Mount Everest
72,伏特加 (酒),ucn,vodka
72,值得的,adj phr,worth it
72,一件浪費時間的事,cn phr,a waste of time
72,作弊/欺騙,v,to cheat
72,開除/踢除/趕出,v phr,to kick out
72,(過去)漏接,pv,missed
72,體力很好/很會運動,adj phr,in good shape
72,一位叔叔/舅舅,cn,an uncle
72,一塊豬排,cn phr,a pork chop
72,固執的,adj,stubborn
72,有才能的,adj,talented
72,聰明的,adj,bright
72,雙胞胎的,adj,twin (brothers)
72,吝嗇的,adj,stingy
72,一位畫畫的人/畫家,cn,a painter
73,一位男演員,cn,an actor
73,一本故事書,cn phr,a story book
73,閉嘴,v phr,to shut up
73,亞洲,name,Asia
73,一隻昆蟲,cn,an insect
73,一張桌子,cn,a table
73,一場競賽,cn,a race
73,第一名,ucn phr,first place
73,一場演講比賽,cn phr,a speech contest
73,一個獎勵/獎品,cn,an award
73,的確地,adv,certainly
73,丹麥,name,Denmark
73,埃及,name,Egypt
73,法國,name,France
73,德國,name,Germany
73,希臘,name,Greece
73,荷蘭,name,Holland/the Netherlands
73,義大利,name,Italy
73,韓國,name,Korea
74,中國,name,Mainland China
74,墨西哥,name,Mexico
74,波多黎各,name,Puerto Rico
74,俄羅斯,name,Russia
74,西班牙,name,Spain
74,瑞典,name,Sweden
74,瑞士,name,Switzerland
74,台灣,name,Taiwan
74,丹麥的/語,adj/ucn,Danish
74,埃及的,adj,Egyptian
74,法國的/話,adj/ucn,French
74,德國的/話,adj/ucn,German
74,希臘的/話,adj/ucn,Greek
74,荷蘭的/話,adj/ucn,Dutch
74,義大利的/話,adj/ucn,Italian
74,墨西哥的,adj,Mexican
74,波多黎各的,adj,Puerto Rican
74,俄羅斯的/話,adj/ucn,Russian
74,西班牙的/話,adj/ucn,Spanish
75,瑞典的/話,adj/ucn,Swedish
75,瑞士的,adj,Swiss
75,紐約,name,New York
75,雪梨,name,Sydney
75,多倫多,name,Toronto
75,哥本哈根,name,Copenhagen
75,開羅,name,Cairo
75,倫敦,name,London
75,巴黎,name,Paris
75,柏林,name,Berlin
75,雅典,name,Athens
75,阿姆斯特丹,name,Amsterdam
75,羅馬,name,Rome
75,東京,name,Tokyo
75,首爾,name,Seoul
75,香港,name,Hong Kong
75,北京,name,Beijing
75,墨西哥城,name,Mexico City
75,聖胡安,name,San Juan
75,莫斯科,name,Moscow
75,馬德里,name,Madrid
75,斯德哥爾摩,name,Stockholm
75,日內瓦,name,Geneva
75,台北,name,Taipei
75,剪刀,pcn,scissors
75,黏土,ucn,clay
75,一朵玫瑰花,cn,a rose
76,一朵百合花,cn,a lily
76,面紙,cn/ucn,(a) tissue
76,衛生紙,ucn phr,toilet paper
76,抱怨,v,to complain
76,過去進行式,ucn phr,the past continuous tense
76,特定的,adj,certain
76,有錢的,adj,wealthy
76,皮革,ucn,leather
76,動物的毛,ucn,fur
76,一件晚禮服,cn phr,an evening gown
76,一張小地毯,cn,a rug
76,一張搖椅,cn phr,a rocking chair
76,一個CD播放器,cn phr,a CD player
76,一條領帶,cn,a necktie
76,一個網球拍,cn phr,a tennis racket
76,現代的/摩登的,adj,modern
76,一個鬧鐘,cn phr,an alarm clock
76,入睡/睡覺了,v phr,to fall asleep
76,熄滅,v phr,to go out (lights)
76,絆倒,v,to trip
76,攔住,v,to stop (by a policeman)
76,起火,v phr,to start a fire
76,一台音響,cn,a stereo
76,打巴掌,v,to slap
77,揍,v,to punch
77,旅行,v phr,to take a trip
77,拜訪/去看…人,v,to visit
77,停留,v,to stay
77,一次飛行/班機,cn,a flight
77,舒適的,adj,pleasant
77,行李,ucn,luggage
77,可愛的/美好的,adj,lovely
77,觀光/旅遊,v phr,to go sightseeing
77,中央公園,name,Central Park
77,頂樓,n phr,the top of (a building)
77,帝國大廈,name,the Empire State Building
77,隔天,cn phr,the following day
77,聯合國大樓,name,the United Nations Building
77,自由女神像,name,the Statue of Liberty
77,邀請,v,to invite
77,一次拜訪,cn,a visit
77,滿的,adj,full
77,驚訝的,adj,surprised
77,一部電梯,cn,an elevator
77,吸塵,v,to vacuum
77,洗衣服,v phr,to do the laundry
77,一個上下課鈴聲,cn phr,a class bell
78,做夢,v,to dream
78,做傻事/胡鬧/遊手好閒,v phr,to fool around
78,一個正方形,cn,a square
78,一次剪髮,cn,a haircut
78, 一個氣溫/體溫/溫度,cn,a temperature
78,一個價格/價錢,cn,a price
78,一座旋轉木馬,cn,a merry-go-round
78,穿越,prep,through
78,沿著,prep,along
78,一個圓圈,cn,a circle
78,一支手機/大哥大/行動電話,cn phr,a cell phone
78,一架直升機,cn,a helicopter
78,平常,adj,usual
78,一隻河馬,cn,a hippo
78,一位女低音/男高音,cn,an alto
78,一位女高音,cn,a soprano
78,去野餐,v phr,to have a picnic
78,一位小提琴手,cn,a violinist
78,一位廚師,cn,a chef/cook
78,一位麵包師傅,cn,a baker
78,一位女演員,cn,an actress
78,一位貨車司機,cn phr,a truck driver
78,一種職業,cn,a profession
78,一個子句,cn,a clause
78,一部份,cn,a part
78,一座摩天輪,cn phr,a Ferris wheel
79,一個主詞,cn,a subject
79,形容/描述,v,to describe
79,開始/開頭,cn,the beginning
79,一位商人,cn,a businessman
79,一位運動員,cn,an athlete
79,一位護士,cn,a nurse
79,一位飛行員,cn,a pilot
79,一位牙醫,cn,a dentist
79,演出,v,to act
79,一個舞台表演,cn,a play
79,一個電視節目,cn phr,a TV show
79,藝術品,ucn,artwork
79,事業/生意,ucn,business
79,以…維生,adv phr,v for a living
79,照顧某一個人/東西,v phr,to take care of ST/SB
79,解釋/說明,v,to explain
79,徹底地,adv,thoroughly
79,一座橋,cn,a bridge
79,一顆石頭,cn,a rock
79,一張沙發,cn,a couch
79,法律,cn,the law
79,犯法,v phr,to break the law
79,一個承諾/約定,cn,a promise
79,一個規則,cn,a rule
79,木頭,ucn,wood
79,保護,v,to protect

80,種植 / 養育,v,to raise
80,一種農作物,cn,a crop
80,執行,v,to enforce
80,一位公民 / 市民,cn,a citizen
80,一位會計師,cn,an accountant
80,一位女演員,cn,an actress
80,一位建築師,cn,an architect
80,一位藝術家,cn,an artist
80,一位太空人,cn,an astronaut
80,一位作者,cn,an author
80,一位銀行家,cn,a banker
80,一位理髮師,cn,a barber
80,一位美容師,cn,a beautician
80,一位美髮師,cn,a hairstylist
80,一位商人(女性),cn,a businesswoman
80,一位木匠,cn,a carpenter
80,一位文職公務員,cn phr,a civil servant
80,一位電腦程式設計師,cn phr,a computer programmer
80,一位犯罪者,cn,a criminal
80,一位舞蹈家,cn,a dancer
80,一位偵探,cn,a detective
80,一位音樂主持人,cn,a DJ
80,一位工程師,cn,an engineer
80,一位工人,cn phr,a factory worker
80,一位服裝設計師,cn phr,a fashion designer
80,一位農夫,cn,a farmer
81,一位消防隊員,cn,a firefighter
81,一位漁夫,cn,a fisherman
81,一位空服人員,cn phr,a flight attendant
81,一位算命師,cn phr,a fortune teller
81,一位流氓,cn,a gangster
81,一位清潔隊員,cn,a garbageman
81,一位家庭主婦,cn,a housewife
81,一位家庭主夫,cn,a househusband
81,一位發明家,cn,an inventor
81,一位記者,cn,a journalist
81,一位律師,cn,a lawyer
81,一位郵差,cn,a mailman
81,一位經理,cn,a manager
81,一位模特兒,cn,a model
81,一位和尚 / 修士,cn,a monk
81,一位音樂家,cn,a musician
81,一位尼姑 / 修女,cn,a nun
81,一位藥劑師,cn,a pharmacist
81,一位攝影師,cn,a photographer
81,一位飛行員,cn,a pilot
81,一位警察,cn phr,a police officer / policeman
81,一位警察(女性),cn,a policewoman
81,一位政治家,cn,a politician
81,一位神父 / 牧師,cn,a priest
82,一位教授,cn,a professor
82,一位新聞 / 雜誌記者,cn,a reporter
82,一位推銷員,cn,a salesperson
82,一位科學家,cn,a scientist
82,一位秘書,cn,a secretary
82,一位軍人,cn,a soldier
82,一位間諜,cn,a spy
82,一位計程車司機,cn phr,a taxi driver
82,一位導遊,cn phr,a tour guide
82,一位獸醫,cn,a veterinarian
82,一位餐廳服務生,cn,a waiter / waitress
82,一位作家,cn,a writer
82,在…期間,conj,as
82,一次心臟病發作,cn phr,a heart attack
82,報告,v,to report
82,幫某人算命,v phr,to tell your fortune
82,預測 / 預言,v,to predict
82,未來,cn,the future
82,焚燒 / 燒 / 燙到,v,to burn
82,一把槍,cn,a gun
82,一位強盜 / 小偷,cn,a robber
82,一個包裹,cn,a package
82,爆胎,v phr,to get a flat tire
83,昏倒,v,to faint
83,一面鏡子,cn,a mirror
83,把…切成薄片,v,to slice
83,一桶,cn,a can (of paint)
83,一把梯子,cn,a ladder
83,一間貿易公司,cn phr,a trading company
83,擁有,v,to own
83,經營 / 管理,v,to manage
83,經營 / 管理,v,to run (manage)
83,設計,v,to design
83,退休的,adj,retired
83,指,v,to point
83,兩個都不是,adj/pron/adv/conj,neither
83,踩到,v phr,to step on (feet)
83,一個櫥 / 碗櫥,cn,a cupboard
83,撲克牌,ucn,poker
83,殺死,v,to kill
83,一個惡夢,cn,a nightmare
83,在全世界,adv phr,all over the world
83,幾乎 / 差一點,adv,almost
83,追逐 / 追趕,v,to chase
83,獅子吼叫,v,to roar
83,一根香煙,cn,a cigarette
83,探險 / 探索,v,to explore
83,外太空,ucn phr,outer space
83,故意地,adv phr,on purpose
83,未來式,ucn phr,the future tense
84,特別地,adv,especially
84,一個計劃,cn,a plan
84,接某人,v phr,to pick up SB
84,東西,ucn,stuff
84,書法,ucn,calligraphy
84,治療,v,to treat (animals or people)
84,進入,v,to enter
84,一個選舉,cn,an election
84,大概,adv,probably
84,一定,adj/adv phr,for sure
84,一個信封,cn,an envelope
84,一個禮物,cn,a present
84,一張成績單,cn phr,a report card
84,明天,adv/cn,tomorrow
84,快要 / 不久後,adv,soon
84,以後,adv,later
84,畢業,v,to graduate
84,一個畢業旅行,cn phr,a graduation trip
84,把…分開,v,to separate
84,一個不定詞,cn,an infinitive
84,燙(衣服),v,to iron
84,現在 / 馬上,adv phr,right now
85,馬上 / 立刻,adv phr,at once
85,馬上 / 立刻,adv,immediately
85,夏威夷,name,Hawaii
85,永遠不會,adv,never (future tense)
85,跟著,v,to follow
85,放棄 / 停止,v,to quit
85,介意,v,to mind
85,考慮,v,to consider
85,移過去一點,v phr,to move over
85,(一個)夏令營,cn/ucn phr,(a) summer camp
85,服務,v,to serve
85,一位乘客,cn,a passenger
85,潮濕的,adj,humid
85,乾的,adj,dry
85,有一天,adv,someday
85,一篇作文,cn,a composition
85,射,v,to shoot (basketball)
85,運球,v,to dribble (basketball)
85,玩帆船 / 航行,v,to sail
85,推,v,to push
85,一個罰球,cn phr,a free throw
85,插花,v phr,to arrange flowers
85,一個預報 / 預測,cn,a forecast
85,按照 / 根據,prep phr,according to
85,一個衛星,cn,a satellite
85,資訊 / 資料,ucn,information
86,義大利麵,ucn,spaghetti
86,邁阿密,name,Miami
86,台中,name,Taichung
86,高雄,name,Kaohsiung
86,拔(一顆牙),v,to pull (a tooth)
86,科技,ucn,technology
86,壓力,ucn,pressure
86,向…借東西,v,to borrow
86,弄短,v,to shorten
86,一條橡皮筋,cn phr,a rubber band
86,省略 / 去掉,v,to omit
86,鳥叫,v,to chirp
86,爬,v,to crawl
86,一個平底鍋,cn,a pan
86,(女生的)香水,ucn,perfume
86,一張照片,cn,a photograph
86,將/會,hv,will
86,一個巧克力棒,cn phr,a candy bar
86,遠足 / 健行,v,to hike
86,偶遇,v,to pass
86,一個瓶子,cn,a bottle
86,結婚,v,to marry
86,火星,name,Mars
86,董事長,cn,the president (of a company)
87,特定的,adj,definite
87,一個時刻表,cn,a timetable
87,國父紀念館,name,Sun Yatsen Memorial Hall
87,一個經驗,cn,an experience
87,最近地,adv,recently
87,睡晚一點 / 晚起,v phr,to sleep in
87,照亮,v,to shine
87,明亮的,adj,bright
87,決定,v,to decide
87,反正 / 無論怎樣,adv,anyway
87,太極,ucn,Tai-chi
87,別人 / 其他一些,pcn,others
87,一對(夫妻),cn,a couple
87,一群,cn,a group
87,彼此 / 互相,phr,each other
87,象棋,ucn phr,Chinese chess
87,圍棋,ucn,Go
87,熱鬧的,adj,lively
87,運動,v phr,to get exercise
87,整個,adj/adv,whole
87,拒絕,v,to refuse
87,在某人家過夜,v phr,to sleep over
87,整理床鋪,v phr,to make the bed
87,擦,v,to wipe
87,擺設餐具,v phr,to set the table
87,一瓶 / 罐 / 杯飲料,cn,a drink
87,表達 / 表示,v,to express
88,一公斤,cn,a kilogram
88,一本課本,cn,a textbook
88,功夫,ucn phr,kung fu
88,欺負,v phr,to pick on
88,一…就…,adv phr,as soon as
88,假裝,v,to pretend
88,盯 / 瞪,v,to stare
88,一位天使,cn,an angel
88,好險 / 還好,adv,luckily
88,儘快,adv phr,as soon as possible
88,儘快,adv phr,as soon as you can
88,忌妒的,adj,jealous
88,開除,v,to fire
88,一個預測,cn,a prediction
88,考不及格 / 失敗,v,to fail
88,一個主意,cn,an idea
88,開(花),v,to bloom
88,以前是 / 以前有,v phr,used to v
88,一座大型體育場,cn,a stadium
88,一座城鎮,cn,a town
88,鄉下,cn/ucn,the countryside
88,人口,ucn,population
88,空地,ucn phr,open land
88,很少的,adj,little
88,一座摩天大樓,cn,a skyscraper
88,一個系統,cn,a system
88,不久後,adv phr,in a little while
89,熬夜 / 然夜,v phr,to stay up (late)
89,為…瘋狂,adj phr,crazy about
89,一個藉口,cn,an excuse
89,被卡住 / 被黏住,v phr,to get stuck
89,一個戶外教學,cn phr,a field trip
89,一個科學展覽,cn phr,a science fair
89,成熟的,adj,ripe
89,(一座)監獄,(cn)/ucn,(a) jail
89,以前不是/現在是/以前沒有,v phr,didn't use to
89,台南,name,Tainan
89,尿尿,v,to pee
89,吸,v,to suck
89,一片尿布,cn,a diaper
89,打保齡球,v,to bowl
89,邀請人去約會,v phr,to ask for a date
89,一場戰爭,cn,a war
89,如果,conj,if
89,讚美,v,to praise
89,獎勵,v,to reward
89,預期 / 期待,v,to expect
89,提供,v,to offer
89,不一定 / 看情況,phr,it depends
89,一隻恐龍,cn,a dinosaur
89,一座花園/菜園,cn,a garden
89,紐約,name,New York
89,一個派,cn,a pie
89,還有 / 還是,adv,anymore
89,再也不 / 不再,adv phr,not...anymore
90,一個膽小鬼,cn,a chicken (coward)
90,一隻小狗,cn,a puppy
90,破壞規矩/犯規,v phr,to break the rules
90,(一個)處罰,(cn)/ucn,(a) punishment
90,被抓到,v phr,to get caught
90,翹課,v phr,to skip class
90,逃學,v phr,to skip school
90,頂嘴,v phr,to talk back
90,刷 / 用力擦,v,to scrub
90,道歉,v,to apologize
90,(文章的)一部份,cn,a passage
90,在角落,prep phr,in the corner
90,一個馬桶,cn,a toilet
90,加倍,v phr,to double it
90,一根棍子,cn,a stick
90,亂丟垃圾,v,to litter
90,一個小考,cn,a quiz
90,一個藝術展覽,cn phr,an art exhibit
90,一個才藝表演,cn phr,a talent show
90,一個園遊會,cn,a fair
90,一個集會,cn,an assembly
90,一個機會,cn,a chance
90,一個太空站,cn phr,a space station
90,一個獎品,cn,a prize
90,一隻袋鼠,cn,a kangaroo
90,一座游泳池,cn phr,a swimming pool
90,一下子,cn,a moment
91,高興的 / 滿意的,adj,pleased
91,一座大學,cn,a college
91,一個封面,cn,a cover (of a book)
91,一個惡魔,cn,a devil
91,最近,adv phr,these days
91,燒光 / 燒毀,v phr,to burn down
91,一位超級模特兒,cn,a supermodel
91,否則 / 要不然,adv,otherwise
91,一位市長,cn,a mayor
91,甚至 / 即使,adv phr,even if
91,一個行星/星球,cn,a planet
91,被用完了,v phr,to be used up
91,一個未來真的有可能的事,cn phr,a real future possibility
91,回收,v,to recycle
91,倒,v,to dump
91,一個數量,cn,a quantity
91,比較多 / 多一點,phr,more + pcn/ucn
91,比較少的,phr,fewer + pcn
91,比較少的,phr,less + ucn
91,花蓮,name,Hualien
91,打屁股,v,to spank
91,長袖的,adj,long-sleeve(d)
91,取名,v,to name
91,十億,cn,a billion
91,一筆獎金 / 紅利,cn,a bonus
92,一隻無尾熊,cn,a koala
92,一座火山,cn,a volcano
92,南非,name,South Africa
92,可以喝的水,ucn phr,drinking water
92,一種(旅行的)方式,cn,a way (to travel)
92,一個人行道,cn,a sidewalk
92,一個路邊攤,cn phr,a street vendor
92,基隆,name,Keelung
92,情緒化的,adj,moody
92,猜 / 假設,v,to suppose
92,負責任的,adj,responsible
92,不負責任的,adj,irresponsible
92,偶爾,adv phr,from time to time
92,淺的,adj,shallow
92,一個關門,cn,a gate
92,一台拖拉機,cn,a tractor
92,收費,v,to charge
92,裝滿,v,to fill
92,一個洞,cn,a hole
92,波士頓,name,Boston
92,趕時間,prep phr,in a hurry
92,搭便車,v,to hitchhike
92,一位老闆,cn,a boss
92,一個獎勵 / 獎賞,cn,a reward
92,準備,v,to prepare
92,六福村,name,Leofoo Village
92,一個遊樂園,cn phr,an amusement park
93,確定地 / 的確,adv,definitely
93,台灣中部,name,Central Taiwan
93,一位筆友,cn phr,a pen pal
93,現在完成式,ucn phr,the present perfect tense
93,連接,v,to connect
93,一個情況,cn,a situation
93,結束 / 完成,pp,finished
93,問,pp,asked
93,吃,pp,eaten
93,做,pp,done
93,完成,v,to complete
93,...了嗎 / 了沒有,adv,yet?
93,還沒有,adv phr,not yet
93,已經,adv,already
93,拿走 / 帶去,pp,taken
93,去了 / 走了,pp,gone
93,駕駛,pp,driven
93,給,pp,given
93,拿到 / 得到 / 變得 / 收到,pp,gotten
93,(第一次)認識/見面,pp,met
93,離開,pp,left
93,寫,pp,written
93,餵,pp,fed
93,看到 / 看見,pp,seen
93,一個木乃伊,cn,a mummy
93,讀,pp,read
93,哈利波特和魔法石,name,Harry Potter and the Sorcerer's Stone
94,蠻 / 相當,adv,quite
94,一把刀子,cn,a knife
94,一把手槍,cn,a pistol
94,一支機關槍,cn phr,a machine gun
94,不久之前,adv phr,a little while ago
94,一輛廂型車,cn,a van
94,一位職員,cn,an employee
94,一份薪水支票,cn,a paycheck
94,一個演出/呈現,cn,a presentation
94,檢查庫存,v phr,to take inventory
94,一位上司,cn,a supervisor
94,一份期末報告,cn phr,a term paper
94,一位房東,cn,a landlord
94,一份電費帳單,cn phr,an electric bill
94,說,pp,spoken
94,付,pp,paid
94,澆水,v,to water
94,一隻拖鞋,cn,a slipper
94,一個與醫生的約見(看病),cn phr,a doctor's appointment
94,一個明細表 / 列表,cn,a list
94,打勾,v,to check (mark)
94,共同的 / 普通的,adj,common
94,回去,v phr,to go back
94,回來,v phr,to come back
94,歸還,v phr,to give back
94,退還,v phr,to take back
94,帶回,v phr,to bring back
94,放回去,v phr,to put back
94,還錢 / 報復 / 報答,v phr,to pay back
